feature	X1552	X16971	X1545	X8007	X6952	X13165	X6956	X1543	X1564	X9450	X6939	X1536	X8163	X9467	X8059	X2043	X17130	X16988	X17153	X8071	X6936	X8095	X17167	X2492	X8235	X2479	X8047	X16987	X1468	X9712	X15878	X1522	X2502	X1395	X15888	X8245	X8255	X8130	X5989	X2524	X8249	X7285	X1525	X7298	X19351	X8053	X9422	X9649	X6001
02-2020-56-OR	2913218	589577	103500	0	1509138	54539	5536	221468	43330	2667	7670	7232	2057	1277	0	0	8134	17184	2313	25687	152053	3021	135066	248	0	1231	0	21	540	218358	161	94527	611	17468	0	0	31070	0	0	14	0	0	6277	795	10949	0	0	0	328
01.2020.090.Or	1102519	2924880	49194	1275922	2300520	483813	12962	194062	1492	17894	1350938	1386	11852	324534	0	1484	90825	233900	65293	189802	721902	56673	664085	29530	31906	27272	57700	521528	0	86395	164766	42894	59035	6385	266667	0	53535	5869	0	1055	61391	777	52839	256	18885	5932	71249	0	3113
01.2020.64.Or	72148	2828	0	4529	29347	2283669	0	0	0	8446	423910	0	0	696699	0	0	0	201795	0	3103	1496	9396	0	99908	0	39865	49201	56246	0	28659	157295	12387	318258	854	11632	8548	0	0	0	472	18224	0	2744	0	0	0	0	0	0
01-2020-21-OR	221847	248863	15797	24536	23570	29435	1972462	6714	351327	394331	4146	262028	30503	0	116878	1020062	25204	198	1090	505	3710	43648	113972	12340	1015	20557	0	7587	0	102801	0	8065	1509	40906	0	0	56686	0	42809	1116	759	12236	0	72446	13045	0	0	0	0
02-2020-16-OR	280536	582984	57430	194533	976240	6479	10875	1572286	116154	37060	42473	13119	0	15729	0	439	537195	38904	830407	128713	175562	207	0	0	22891	0	0	0	0	3431	4186	27532	56768	2386	11592	0	32625	0	0	0	0	0	1872	4372	17416	0	0	0	1184
02.2020.043.Or	1419099	704200	0	207130	0	0	805456	56842	15347	10159	7311	0	266	0	3016	1303	15793	2337	7487	540919	660250	197704	275477	0	0	0	0	288	1652	45566	794	72493	0	1373	0	0	52771	1312	2285	0	0	0	222	33644	28877	0	0	0	0
01-2020-43-OR	66664	1390337	0	7849	51781	110	187854	921	0	1032000	14664	49286	143	47344	28769	130259	596	18057	164	308	12680	1770	0	9162	14031	35082	2297	1209	0	19856	0	0	4298	0	5592	0	120591	0	1976	4576	0	0	0	0	4363	0	0	0	1138
01-2020-14-OR	160766	193146	108384	1148374	392385	18324	246355	0	12748	42161	75657	13864	5466	0	105357	0	16640	906	7714	17806	113568	91019	2447	0	0	2512	1353	5867	221	38263	1070	50684	325	5127	3012	0	39425	0	0	0	3503	0	8425	38167	3477	10866	0	0	0
01.2020.030.Or	206944	232086	0	4080	314971	83358	46173	5183	68017	27427	135437	6419	1793	764725	0	0	32	792365	121	0	21288	62687	21266	27672	0	8653	296681	36100	5300	116212	21000	8536	53082	82	4141	0	6163	0	0	2523	471	0	0	0	2962	0	12588	0	0
02-2020-20-OR	29611	0	0	6970	0	34533	52999	0	0	0	750022	2328	31081	0	0	93459	0	37275	0	0	804	0	0	0	603249	0	0	17037	0	35848	356514	0	35197	4867	4196	0	0	8977	0	259	490	121264	0	0	0	56108	1556	442	271
01-2020-16-OR	1452	8743	0	16997	3954	0	0	0	0	0	15816	0	541922	0	0	0	0	131979	0	8603	584	4480	0	0	0	0	359	0	0	271	39190	0	0	0	607	411	0	34894	0	0	1362	38420	0	0	0	5808	210	4288	0
01-2020-27-OR	251062	160028	21702	167588	38040	843	386296	13950	29061	537792	0	70762	16877	148	32480	332011	106191	0	1649	9513	301703	79411	49788	20850	0	25550	0	0	13085	85896	0	9968	0	20195	0	0	15148	861	38795	6766	0	0	0	17910	15747	0	0	634	2423
01-2020-12-OR	43	0	0	0	0	0	0	0	0	292	0	0	474835	0	0	0	0	0	0	0	0	0	0	0	858	0	0	0	0	0	0	0	0	0	0	0	0	0	0	0	0	0	378	0	0	0	0	0	0
02-2020-52-OR	88229	218929	0	11986	69198	19463	364633	0	35579	49057	4706	1530	63226	7592	14496	70875	16807	0	13753	69254	38869	80517	80369	16423	0	12634	300	8401	0	26021	0	376	2339	0	0	0	12060	12046	92435	230	18	0	0	107940	6557	405	0	0	4844
01-2020-22-OR	79461	366999	64818	110462	358073	7675	198449	50218	26996	8385	33574	11040	24375	2416	1497	10168	18742	118911	23462	69868	39953	29479	9822	20952	0	8353	12774	9720	1529	245475	19173	18420	3999	25561	1372	0	18962	5272	0	393	4325	0	110686	4415	8707	485	11134	0	6458
01-2020-58-OR	357053	160125	0	934	0	12273	235480	0	33131	92874	3222	13772	914	8706	106858	43759	80645	6545	0	12931	288811	0	64493	3470	1219	4200	3271	9305	17268	13334	2384	19637	0	5230	0	0	13276	2045	17366	0	357	685	261	23303	6161	2522	0	0	2209
02-2020-37-OR	27644	10899	14692	536	25403	128539	12526	4350	3752	22	333125	934	28280	61377	257	3214	187	21115	0	11722	8918	961	0	15674	5600	5913	12547	715	884	9635	62603	487	13152	0	17866	0	0	16829	0	130	2498	0	278	0	151	7967	9533	5228	0
GBM.BM.308.Or	335	8849	0	0	0	0	15725	19	0	0	2994	9345	276545	0	585	10403	0	61330	317	0	0	1522	0	844	16254	0	521	10162	0	3244	9851	0	2059	0	1348	0	1392	415	0	0	0	0	4097	0	0	0	0	0	0
01-2020-42-OR	9743	7872	7696	0	0	0	0	0	551	8088	11658	0	267573	62624	0	0	0	1624	0	0	0	0	0	7907	5352	263	0	0	0	7034	0	0	0	710	0	0	478	0	0	0	0	0	576	0	0	0	0	9849	0
GBM.BM.284.Or	44343	9282	0	332	6746	0	6269	0	4031	4707	78305	235	15461	251085	945	2312	0	75168	0	0	528	2319	0	32293	12318	7731	19376	0	7052	195	262323	274	9221	874	1495	0	639	43520	2385	575	895	0	1026	0	0	26569	0	0	6830
GBM.BM.295.Or	15324	77724	10539	33978	50621	120686	6356	0	0	1927	112555	1019	563	213813	0	0	2844	31088	0	0	2000	744	3837	880	0	110	28027	5874	0	26147	33928	0	1322	0	48891	0	4371	0	0	0	1758	0	0	0	0	0	19695	1637	0
01-2020-24-OR	170067	4034	0	0	0	46480	147150	0	0	199351	22461	25974	6278	8099	0	9623	0	8712	0	0	0	26261	4251	80179	0	21955	2165	0	975	34324	0	0	9193	2515	0	0	7021	0	0	914	1089	0	0	0	1712	0	0	0	0
GBM.BM.257.Or	2288	1161	0	0	0	194816	15177	0	0	13833	43312	626	6237	1616	0	17460	0	4326	0	0	0	0	0	0	0	1260	9916	404	0	12104	0	0	0	0	0	0	0	0	0	0	0	0	0	0	0	0	0	43	0
02-2020-53-OR	178910	1485	0	1326	15437	14882	23849	0	547	34028	54766	0	0	32108	0	4629	0	13942	0	0	1770	0	0	24601	1688	3127	0	0	547	14025	0	3090	17830	1337	1021	0	2529	4127	0	0	1950	0	1961	0	0	579	0	1848	437
02-2020-41-OR	0	0	0	0	0	177226	0	0	0	158	4027	0	0	4676	634	182	0	0	0	0	0	0	0	0	0	0	464	27926	0	3910	21705	0	599	0	7314	0	0	0	0	0	234	0	0	0	0	0	0	0	0
02-2020-22-OR	28880	157599	0	0	8522	0	0	0	0	14758	8993	0	0	2801	0	0	0	3590	0	0	2064	0	0	251	0	0	0	1561	0	0	3919	0	0	0	0	0	1484	0	0	0	2952	0	1488	0	0	0	0	0	0
02-2020-10-OR	29406	21568	0	0	30708	0	0	0	0	0	30238	0	6500	0	0	0	0	133996	0	6972	188	0	0	0	0	0	320	0	0	0	60596	0	0	722	0	0	0	0	0	0	0	0	2236	0	0	0	0	6674	0
01-2020-10-OR	0	0	0	0	0	832	14079	0	1658	539	2610	7982	34492	7663	304	2256	0	0	0	0	0	0	0	20736	133675	1919	0	0	0	14562	0	0	3705	33401	0	72808	78	3332	0	452	0	0	1168	0	0	0	0	21022	0
01-2020-44-OR	42964	25302	13587	43564	47071	125328	0	1101	684	0	15546	905	44229	41740	0	2406	3753	976	0	10684	12540	4612	86877	935	0	289	29905	0	751	7867	27871	156	34538	3668	1179	79	3831	13083	187	1072	5783	703	3382	220	0	0	247	2575	1549
01-2020-28-OR	0	129400	0	8300	0	0	0	0	0	0	24099	0	0	0	0	0	0	123498	0	22861	0	0	0	0	0	3749	3826	15071	0	0	10570	0	0	0	0	0	679	21763	0	0	900	0	15505	0	0	39	0	0	1213
01-2020-50-OR	65566	13528	46586	3070	63869	3427	4272	33964	17876	0	23121	2915	13611	11297	376	4008	3231	19084	0	0	4562	69	10893	4211	0	9187	0	0	932	5578	16297	1711	1375	432	0	0	1473	0	0	0	0	0	0	0	534	0	542	0	0
01-2020-56-OR	3169	342	0	5828	9707	367	0	11005	0	156	117979	0	0	18273	0	0	0	52277	0	0	0	1796	0	9489	0	6733	14163	0	0	2410	40184	547	0	286	0	0	229	966	0	0	2326	0	3227	0	0	0	3674	479	0
02-2020-50-OR	112501	92733	26776	0	101614	0	0	2551	11423	463	15572	21630	0	108140	0	0	523	12475	0	29076	287	0	0	8799	20342	17108	20	0	4275	20127	0	5617	1871	1048	0	0	2909	6039	699	0	6805	0	0	4899	77	0	0	6960	0
02-2020-08-OR	0	0	0	0	0	100452	0	0	0	0	161	0	0	0	0	0	0	2658	0	0	0	0	0	20437	968	0	0	12802	0	0	0	0	3742	0	0	0	0	0	0	0	0	0	0	0	0	0	0	0	0
01-2020-08-OR	9640	4001	280	9516	10046	0	0	26019	0	0	92009	0	0	0	0	0	0	819	0	22619	0	0	216	0	1221	0	9003	0	98	41	0	1351	0	0	0	0	607	0	0	0	0	0	549	0	0	0	0	0	0
GBM.BM.270.Or	7421	82758	0	15945	12366	0	0	52512	0	0	13213	1044	869	0	0	0	0	12162	0	17763	1970	0	0	0	0	0	9509	0	0	6389	16768	4240	0	0	0	0	1683	0	0	0	0	0	0	0	0	64038	0	0	0
01-2020-41-OR	43464	67422	0	15427	71673	0	0	67691	4547	0	76875	0	0	0	0	0	2340	29470	0	6723	13236	0	46939	0	0	193	0	0	0	0	33071	18368	457	4853	0	0	836	0	0	0	0	0	5168	0	0	25140	0	0	256
02-2020-13-OR	1639	0	0	0	0	0	2452	0	0	0	67588	3463	856	209	13106	0	0	380	854	0	0	3928	0	2039	4815	0	16934	0	0	23819	71	0	0	0	0	0	0	0	673	0	0	0	0	0	0	0	0	0	0
01-2020-19-OR	12859	3594	0	0	14169	0	0	518	1366	0	7208	0	22109	0	0	0	16	62720	0	889	0	652	459	4687	0	3044	3856	1328	697	425	26411	0	2144	1104	2438	0	589	0	0	0	0	0	3906	150	266	0	0	0	0
02-2020-29-OR	56758	0	25939	995	10162	28748	661	9084	290	0	3780	0	1222	102	0	0	2956	3017	0	0	10327	6261	3705	6727	10144	0	0	23216	0	2205	0	2755	13399	17612	1891	0	52	0	0	0	0	0	0	0	0	0	0	0	0
GBM.BM.282.Or	0	659	0	3767	0	45288	0	0	0	476	61375	0	0	56847	0	0	0	7722	0	0	0	0	0	10773	0	0	0	85	0	239	8507	0	4414	0	0	0	0	0	0	0	0	0	0	0	0	0	0	11168	0
02-2020-51-OR	4056	2869	28844	12320	1455	765	0	2327	0	0	60196	1636	0	0	0	0	0	1941	0	0	321	0	25	1373	4520	0	0	0	0	510	3872	0	0	0	0	0	0	0	0	0	0	0	0	0	0	15619	0	0	0
01.2020.141.Or	292	0	0	0	236	0	0	0	0	0	6476	0	57913	5267	0	0	0	556	0	0	0	0	0	279	10665	0	0	0	0	0	0	0	401	0	0	0	0	0	0	0	0	0	0	0	0	0	0	0	0
02-2020-26-OR	5234	0	24886	0	0	0	0	920	1049	51535	25019	0	0	0	0	10484	0	0	0	0	0	0	0	55034	1354	52419	0	0	0	78	0	485	1486	0	0	0	0	0	0	14	0	0	43	0	0	0	0	0	0
01-2020-46-OR	433	0	0	0	518	8451	4333	0	0	3437	1089	1662	5371	0	0	2103	0	0	0	0	0	403	0	360	0	314	0	0	0	2940	0	0	0	0	0	0	0	0	0	0	0	54782	0	0	0	0	0	0	0
GBM.BM.281.Or	7275	15422	15254	8019	50530	20801	0	13664	1130	249	1045	0	0	6946	0	0	2319	16480	0	3719	4652	69	3446	0	0	0	276	0	0	1568	2424	1226	0	0	0	0	743	0	0	0	0	0	0	0	0	0	0	0	0
02-2020-55-OR	33730	52074	6384	2963	48757	12374	0	0	0	2049	17512	0	279	5470	0	0	0	6339	0	5756	1362	5677	0	315	0	0	0	0	0	18830	0	0	0	0	0	0	152	0	0	0	0	0	3511	0	0	0	0	0	0
01-2020-29-OR	8210	0	0	1144	293	31760	0	0	0	0	11336	0	3263	0	0	0	0	45486	0	0	0	0	0	432	0	0	0	847	0	1797	15470	0	153	71	38655	0	0	0	0	0	0	2119	1749	0	0	0	0	0	0
01-2020-20-OR	43494	597	0	1149	10369	1600	0	0	6234	2009	1662	2109	287	0	0	0	0	4828	0	0	400	3893	0	0	0	0	0	0	1567	2571	155	207	66	290	0	0	462	0	0	0	0	0	3806	2021	0	0	0	2335	0
02-2020-18-OR	0	557	0	10654	0	15674	12934	0	0	0	14662	0	0	1733	0	0	0	4889	0	536	0	0	0	59	134	0	42351	0	0	4379	30730	0	0	0	3404	0	0	1466	0	0	0	0	0	0	0	0	1016	0	0
02-2020-28-OR	37527	7769	9980	0	10566	3519	0	0	0	0	40259	0	0	0	0	0	0	0	0	0	0	831	0	0	13868	0	0	0	0	651	0	1448	0	0	0	0	0	0	0	0	0	0	0	0	0	0	0	0	0
01-2020-09-OR	2442	24993	0	269	14206	2560	0	3189	0	0	5394	0	8697	0	0	327	0	35054	0	1090	477	0	0	0	0	22	1422	966	0	2626	0	0	0	0	0	0	0	300	0	0	0	0	0	0	0	0	0	0	0
02-2020-47-OR	5005	819	0	497	0	0	5933	0	0	0	16132	0	29136	0	923	0	0	1245	0	0	1401	120	0	405	2389	0	370	0	0	4196	4610	0	0	0	0	0	0	34991	219	0	0	4052	0	0	0	837	0	0	0
GBM.BM.288.Or	19326	34799	13144	947	7486	10977	2732	0	0	0	17499	0	13125	0	0	1332	0	4071	0	0	0	0	48	0	9382	0	0	1134	0	503	0	0	1148	0	0	0	1095	0	0	0	0	0	0	0	0	0	0	0	0
02-2020-34-OR	0	34271	0	0	0	10733	0	0	0	0	5402	0	19533	5871	0	0	0	6478	0	0	239	0	0	0	0	0	4278	4646	0	1675	4767	0	0	42	0	0	0	0	0	0	0	1063	388	0	0	248	0	0	0
GBM.BM.291.Or	0	903	0	0	0	33396	0	0	0	0	164	0	0	0	0	0	0	6389	0	0	0	0	0	0	0	0	0	13185	0	0	0	0	3535	0	0	0	0	0	0	0	0	0	0	0	0	0	0	0	0
02-2020-49-OR	4765	9714	7141	0	29989	0	857	16270	13847	1388	7930	3722	2467	4673	0	5068	61	33286	0	666	5091	0	6106	0	146	803	0	3481	603	809	16304	1519	1333	0	994	0	156	0	500	0	0	0	109	0	0	1025	0	0	5659
GBM.BM.265.Or	1494	10663	0	0	0	0	59	0	0	0	2431	0	0	0	0	0	0	33264	0	89	0	0	0	0	0	0	0	0	0	0	0	0	0	0	250	0	0	0	0	0	0	0	0	0	0	2562	0	0	0
GBM.BM.279.Or	21670	5945	0	0	0	14980	0	19	0	838	8354	0	504	3682	0	0	0	7130	0	0	0	1057	0	81	0	0	733	737	0	17350	30187	0	6330	0	0	0	0	193	0	0	0	0	192	0	0	0	9295	0	0
02-2020-30-OR	3888	23666	0	0	8531	9066	4376	0	0	5102	5398	0	3094	0	2332	0	0	18407	0	0	0	2227	0	0	0	628	792	0	0	1048	0	0	893	0	0	0	1191	15068	0	0	56	4741	0	0	0	0	0	0	0
GBM.BM.260.Or	0	0	0	0	0	22683	0	0	0	0	0	0	0	0	0	0	0	416	0	0	0	0	0	0	0	0	0	1066	0	0	0	0	0	0	0	0	0	0	0	0	0	0	0	0	0	0	0	0	0
GBM.BM.298.Or	0	0	0	0	0	0	0	0	0	0	1078	0	1055	15076	0	0	0	0	0	0	0	0	0	501	0	0	0	0	0	0	0	0	0	0	0	0	0	0	0	0	0	0	0	0	0	0	0	0	0
02-2020-35-OR	1920	13246	0	277	11902	0	0	0	0	0	11523	0	0	0	0	0	0	1128	0	139	2454	0	0	0	0	0	0	0	0	40	0	0	0	0	0	0	681	0	0	0	0	0	9634	0	0	0	0	0	0
02-2020-57-OR	325	542	0	208	1058	10638	0	250	0	0	3000	0	1716	0	0	0	0	9311	0	0	367	0	0	0	0	0	222	12378	0	0	614	0	0	0	0	0	0	0	0	0	0	0	0	0	0	0	0	0	0
02.2020.110.Or	0	596	0	0	0	9450	2591	0	0	0	0	0	0	12161	0	0	0	848	0	0	0	0	0	0	0	0	3599	0	0	137	0	0	0	0	0	0	0	0	0	0	0	0	0	0	0	0	0	0	0
GBM.BM.305.Or	0	0	0	0	0	4853	0	0	0	0	61	0	8941	1766	0	2724	0	0	0	0	0	0	0	0	0	0	0	676	0	19	1703	0	0	0	0	0	0	0	258	0	0	0	0	0	0	0	0	0	0
02-2020-44-OR	8313	12300	5079	0	4700	1038	3972	0	0	0	800	0	0	106	0	0	0	0	0	0	0	53	0	0	0	0	594	0	0	5255	0	0	0	0	0	0	278	0	0	0	0	0	0	0	0	0	0	0	0
02-2020-40-OR	1024	508	0	0	0	28	0	0	0	2296	0	0	0	0	867	0	0	7757	0	0	0	0	3773	0	0	0	0	0	0	1120	0	0	0	0	0	0	0	0	0	0	0	0	0	0	0	0	0	0	0
01-2020-06-OR	0	0	0	0	0	0	0	0	0	0	3377	0	0	0	0	0	0	354	0	0	0	0	0	0	0	0	0	0	0	0	690	0	0	0	0	0	0	0	0	0	0	0	168	0	0	1473	0	0	0
GBM.BM.259.Or	6683	0	0	0	24	0	208	0	0	0	0	0	556	0	0	0	0	589	0	0	0	0	0	0	0	45	0	0	0	0	752	0	767	2488	575	0	0	0	0	0	0	0	0	0	0	0	0	0	0
01-2020-52-OR	0	0	0	887	0	2619	0	0	0	0	3878	0	0	0	0	0	0	1306	0	0	0	0	0	0	0	0	96	492	0	0	0	0	0	0	0	0	0	0	0	0	0	0	521	0	0	0	0	0	0
GBM.BM.277.Or	0	0	0	3717	3983	0	0	0	0	0	3607	0	0	0	0	0	0	0	0	298	0	0	0	0	0	0	0	0	0	0	0	0	0	0	0	0	0	0	0	0	0	0	0	0	0	0	0	0	0
01.2020.108.Or.ab	0	26	0	0	0	0	158	0	0	0	0	0	0	0	0	0	0	0	0	0	0	214	0	0	0	0	0	0	0	0	0	0	0	0	0	0	0	0	0	0	0	0	0	0	0	0	0	0	0
01-2020-49-OR	0	1355	0	0	46	319	2784	0	0	0	0	0	0	0	0	0	0	2749	0	0	0	0	0	0	0	0	0	0	0	0	0	0	0	0	0	0	0	0	0	0	0	0	0	0	0	0	0	0	0
SRR514211	18131	940171	8699	20378	31842	3285	14780	11734	3302	91712	141049	8179	938060	56825	286695	0	7051	66485	8222	22465	6755	53723	6451	5566	0	17502	8778	1750	68657	4815854	207004	2518	52127	0	3492	0	109640	16085	73341	117379	375	182431	432	2260	20172	0	9521	46792	6993
SRR513822	682	925757	0	1956	0	2550	8310	0	0	8486	59753	3535	2515018	280992	1626823	26060	0	151371	11979	19814	0	668263	0	7167	11269	20774	20096	3572	22750	3184628	42253	0	12001	5959	0	14267	203676	146534	106393	53672	28039	1150011	0	8392	853	4305	16601	200407	17179
SRR514198	1812	7682	0	8849	0	907	24951	0	0	3230	83412	5166	1310033	1727	2230	43555	0	9763	131	0	0	23761	12462	542	5806	223	13125	0	20	316208	53788	0	185	0	8519	9200	427	180121	34018	8479	3700	218645	0	2811	946	26072	489	2275704	2942
SRR513445	2542	2997	0	7233	998	2196	19128	0	48718	5659	141746	22259	673272	5579	2903	147408	644	14998	5079	1049	693	2292	666	16612	1136	18613	11402	1667	601	70429	74659	0	12989	161730	0	67863	451	84215	40633	12729	4191	141304	32994	2391	21961	57165	1902	325750	182096
SRR1804565	11729	21629	1058	16635	5283	102408	40556	693	0	12765	55679	601	1393898	105997	7019	27741	868	136541	931	9889	5707	9835	2069	30265	0	51860	41349	73061	383	283820	86510	0	49808	0	1651	58779	6690	187306	7373	38996	14215	130392	5586	4759	4580	28221	113368	438374	19437
SRR1803336	0	2189	0	356	0	139	24654	0	0	131039	44344	8617	1280412	324550	0	25345	0	342	0	0	0	1642	0	0	16411	2004	20124	128	0	105411	0	0	20082	652797	0	60210	995	60393	4116	59381	0	22564	123	304	0	33439	0	839446	101671
SRR1804146	57119	75921	23751	45514	96079	43022	14195	36946	13461	97980	224579	6666	1148009	695575	378	14036	9343	17569	2730	29454	37908	13333	47273	1350	140117	3306	85313	23134	7148	79516	36434	6953	1959	1033	3091	12194	7813	23312	4577	4025	4155	28089	0	2135	10933	5519	2834	50554	5876
SRR513162	6971	136916	0	1324	0	2489	7026	0	0	1235	127717	12280	644938	11343	223524	71593	0	2285	9851	63242	0	445922	0	6906	0	662	1007	589	7592	908188	8530	0	0	0	0	567	66167	13996	13180	21040	676	265055	1001	150	0	0	0	67088	2815
SRR514264	2554	20394	0	1546	0	7829	11776	0	360	58191	2544	5796	831810	8863	510	28532	0	6722	0	222	0	3283	3100	0	589	765	2436	405	0	32679	1314	0	0	0	0	924	0	38556	7430	1963	0	427953	0	90	517	0	1164	8161	155
SRR1804049	15871	413978	3643	8913	33579	1017	0	14526	4617	27126	48428	36053	74124	0	69072	33198	3092	42198	16768	49628	3887	555357	2765	518	0	14606	6960	553	38283	822135	27250	1711	0	0	0	0	88561	17531	67508	38140	1738	106468	454	15610	5329	6094	4263	3833	49885
SRR1803912	11518	68128	1243	805	14417	10775	6006	11997	1870	6571	44573	14854	201566	40109	1241	42295	1526	530	3520	1169	1412	116231	6327	0	3409	905	927	1277	8170	737125	25550	112	7607	12738	927	12031	8168	19074	49493	16670	2046	57101	0	485	1229	2188	0	4240	8084
SRR513159	996	180	0	780	0	7579	5263	0	489	18457	2025	263	635091	171169	1585	4347	0	4298	0	406	0	2791	0	0	1399	131	47554	2413	0	81961	4939	0	1174	3200	0	41175	277	17111	680	1908	179	581533	0	31	0	0	0	729220	432
SRR1804050	6568	946	974	53020	1295	0	1718	2059	1203	798	48743	901	416911	4874	29	7251	334	23898	0	638	1302	853	125	1291	409	1448	1141	0	0	46487	38005	21	373	1520	156	13709	584	22341	8815	871	0	123002	1195	458	153	17910	2061	727923	27841
SRR1803362	8984	819	1839	3278	2295	0	783	3155	1749	2223	58122	5094	394753	53666	0	12021	0	28808	0	1136	717	0	76	2671	0	1778	1064	0	2051	354794	84331	668	1104	3580	0	57011	0	207124	8269	8881	5141	34499	1447	0	2348	31952	1697	564442	2716
SRR1804291	21736	19262	12995	9481	35369	5370	15011	12902	19604	32810	33142	7143	530777	306737	3411	36803	3290	51013	1053	12626	8504	8765	7695	1535	7489	2289	4786	1973	13744	136542	59926	4877	0	503	0	29664	4279	87059	26953	5699	3664	75101	323	6249	11478	12984	2408	24222	3528
SRR1803923	10043	34415	650	1157	3439	25363	16109	0	4894	76731	37159	6094	463709	1705	1594	14940	31	40130	677	0	1503	32600	2335	1236	5458	4522	7181	17578	0	502278	24436	997	4036	0	3529	82181	1875	123285	40132	24283	15312	221282	0	4921	0	4413	8752	146184	6691
SRR1804073	0	4419	0	1138	0	0	36087	0	0	1291	17550	978	498924	489	8119	3881	0	4287	521	111	0	2977	0	0	0	0	2349	0	0	75126	7811	0	0	0	0	0	386	65878	1514	0	0	1368	0	1101	0	540	0	300746	2149
SRR513778	24777	220086	17453	8071	21213	7641	11627	3273	0	13500	78317	4399	337073	91576	687	10003	1844	357392	1697	16338	9545	35851	4203	38	1021	2883	3124	8288	4666	12759	158275	2623	7307	384	1555	0	2894	37162	7598	2777	2507	78700	2289	2635	2447	11750	582	0	10336
SRR1803884	1733	282759	0	9081	1946	28335	570	1417	0	14155	29618	0	55117	0	307	1037	0	48317	422	9067	941	3040	915	0	0	0	5658	3009	4325	182834	38441	519	0	0	11298	0	543	60428	0	3220	0	3806	0	0	706	2114	26989	6539	318
SRR1804744	0	33953	0	3363	544	2823	41441	0	0	83257	6119	239	241635	1173	25199	3082	0	2473	0	984	0	31858	25	1544	0	0	7469	1020	0	109802	5871	0	0	0	987	856	2673	47725	7848	953	0	5908	0	6570	0	160	925	41423	1474
SRR1031148	2230	15732	56	755	678	6780	871	0	166	4951	22367	0	75557	231799	263	15050	0	44820	3793	253	0	760	597	0	10048	0	22407	5758	1278	39614	87248	0	2972	0	145	780	0	13573	2960	806	36	11413	346	92	111	19211	1358	40263	803
SRR513816	84966	233938	0	8795	36188	3747	32862	0	8928	115357	35617	1931	24569	0	0	5380	7544	45703	1438	10578	24123	7351	49095	0	0	9311	13410	1752	2137	81445	64333	4926	0	755	1041	0	3592	9023	20811	677	0	0	0	4825	6346	899	1529	3138	524
SRR1804243	484	1580	5952	1321	3268	0	2399	1382	1078	4628	17733	0	225450	0	0	809	166	6884	615	440	649	1365	948	0	0	786	5137	0	1039	28604	24150	628	0	0	563	3154	0	31650	291	810	1201	4276	0	62	663	437	399	1187	972
SRR1803858	380	126489	0	585	193	54	971	0	0	7295	1811	53	218609	2463	3330	6377	0	19075	0	0	225	1204	0	0	0	0	1609	0	0	85070	23387	0	0	0	0	741	399	10548	3136	3608	1267	73628	0	487	0	635	186	170593	378
SRR1804129	0	61232	0	227	0	2142	821	0	0	4195	984	0	124280	5813	64027	2845	0	3670	291	0	0	45509	0	38	0	0	3518	2588	0	210958	10248	0	0	0	0	0	1346	5860	10785	2546	0	20819	0	445	0	88	0	2100	820
SRR1031208	8878	0	0	4526	0	1395	870	0	0	0	54003	3060	200200	65411	0	8878	0	6453	452	0	0	355	0	0	16745	0	3727	0	1431	56580	24087	0	292	0	0	6921	0	59232	1038	1334	3397	23481	0	0	0	8469	0	30873	769
SRR1804840	950	198	0	136	885	0	0	0	0	846	5444	194	155970	0	0	711	0	8671	0	46	0	0	0	0	1068	560	1416	0	0	10205	9707	0	0	0	0	2517	0	32245	0	241	53	12271	0	0	0	0	0	187868	391
SRR1803878	739	45235	1544	4667	3244	1490	0	341	0	6962	26856	0	180478	251	0	1030	0	12911	0	2767	6333	3249	0	0	0	0	1976	982	0	14943	12985	0	0	0	0	0	668	10788	0	11862	687	8718	0	0	0	8626	521	19059	0
SRR1804580	0	16975	0	1902	0	1477	0	0	0	0	19660	0	180176	2299	0	89	0	23176	0	0	0	813	0	1167	5102	2123	440	4730	0	56517	31911	0	3536	114	0	5702	51	39039	0	813	2395	7286	0	0	0	15642	239	22681	865
SRR1803328	6585	23528	0	1390	5935	0	3191	0	0	1573	27539	1558	26702	1206	0	0	0	104037	0	14699	834	2632	0	0	0	0	9470	0	299	160445	178704	0	0	292	0	0	447	23816	413	0	1649	3425	0	272	191	5332	492	22805	0
SRR1804336	0	44251	0	3864	0	8925	10434	0	0	42297	5278	2576	21168	0	7301	16517	1516	8130	0	1031	0	3613	0	2822	0	4036	9395	11744	0	177818	13527	0	0	791	1710	0	760	7168	2684	3527	0	4666	349	1342	552	0	6189	11673	2946
SRR1803299	4495	46316	0	2083	4262	3990	7711	594	2589	2849	12474	1823	170060	54355	1259	4792	1448	13595	3686	2025	1560	1456	4973	0	0	9372	2003	123	1214	84113	8164	43	0	0	0	1151	799	1046	13529	7478	732	16487	0	608	1461	0	463	50326	145
SRR1804058	5181	3739	0	700	2420	0	6493	343	1490	6839	862	10782	107555	17435	2155	1532	1660	29082	870	2268	2312	5609	1996	574	136	207	2450	0	2232	26101	23496	510	0	0	0	0	1669	6223	3837	213	0	89921	0	1640	1529	2767	0	0	953
SRR1803308	29112	845	0	17283	3985	8477	2956	2579	2559	5680	127397	4078	116001	31230	0	1523	0	11464	1570	1292	1234	213	818	37	17154	7678	7230	1665	1782	148791	35442	395	3678	19130	0	14603	228	5210	22262	2101	2711	47415	2563	270	779	37649	6354	25777	31597
SRR1803367	1534	263	0	64525	86	14510	0	0	0	66	14210	0	88103	106361	0	0	246	10165	0	0	0	0	0	2249	5944	5474	8882	277	0	148764	4415	0	2681	35810	0	7288	0	47468	3034	1843	2728	20125	0	0	0	37402	0	61784	1025
SRR1803363	14070	4014	0	649	4595	0	6784	368	3688	8625	34003	10727	148965	38877	1373	47114	2018	16951	2893	324	1880	24931	8174	401	27193	806	26392	0	921	102900	10923	940	1823	180	0	1697	486	29513	6776	1421	1213	19213	457	1748	1015	21016	473	26246	7007
SRR1803330	0	4784	0	0	0	29887	936	0	0	6447	73198	1470	76466	2451	55288	40984	0	578	0	0	0	0	0	0	1401	595	4273	2041	782	137168	17143	0	174	0	0	837	0	433	10824	5022	502	12637	0	195	0	3678	0	14425	0
SRR549655	853	1053	744	2087	406	0	444	3289	0	4853	0	719	89011	3031	195	483	540	0	0	139	753	798	2894	0	0	0	0	0	0	14803	1135	779	0	6821	0	2512	0	0	0	15912	0	39645	0	0	225	0	0	36992	0
SRR1804158	5617	30	0	0	0	1676	3701	0	0	6989	24948	2539	133019	0	0	11070	2713	4132	1209	0	0	411	0	1932	0	2285	1684	1173	2727	24707	8218	0	405	0	0	3954	0	10119	7580	1093	1909	11133	0	412	339	17124	0	101873	7412
SRR1803322	803	15310	0	24146	343	0	170	0	0	2674	50353	0	131697	0	1009	1422	0	7841	158	1138	0	2238	0	0	0	0	2661	0	0	29771	14471	0	0	0	0	15	0	21240	0	976	0	16580	0	0	0	707	0	0	0
SRR1803296	0	14197	1936	0	0	0	704	0	0	2183	0	0	105566	626	327	92	2028	7970	212	187	191	57	410	1449	0	466	0	0	0	12763	11080	0	0	0	0	0	0	3909	0	123	0	12761	0	0	118	2803	0	125173	293
SRR1804312	0	11110	0	0	801	568	2431	0	46	11025	43554	945	56443	2746	17763	16439	0	1357	797	0	0	11715	0	0	24911	607	1343	484	236	90901	57070	0	0	0	0	703	2918	123561	2333	132	0	52633	2048	4245	0	26019	113	16354	10780
SRR1803904	2288	117923	350	6358	1367	26026	2328	325	0	10587	38204	5355	110091	100114	2774	6025	0	44965	1325	3109	206	7190	2549	1572	8462	7746	8699	21823	4252	107241	50403	0	5851	0	1874	5811	1805	50759	3056	4718	2468	17345	0	925	1584	17482	8911	8532	3252
SRR1804071	560	2572	0	2957	0	0	563	0	0	6213	1811	503	113572	0	526	2101	0	3165	0	0	0	1534	0	0	0	0	1412	0	0	21738	13142	0	0	1000	0	1222	0	973	1066	0	0	694	0	0	0	0	0	114508	0
SRR1179028	925	52188	0	1386	0	22755	6916	0	0	24589	2490	340	73689	110918	61500	7923	0	5032	329	0	0	1122	0	0	0	0	5023	4796	0	57236	4938	0	0	5835	0	5118	609	911	502	1496	343	10471	0	0	0	0	0	82243	988
SRR1803301	0	59	0	5223	0	8439	0	0	0	2833	2782	0	109637	11802	0	1315	0	75095	0	0	0	0	0	0	0	0	6004	338	0	1220	24058	0	0	0	2376	2681	0	3382	0	0	0	21114	0	0	0	0	1010	12665	0
SRR1803899	4389	745	0	0	2159	28	1701	0	932	6400	88864	4830	107315	12353	534	5420	0	5141	145	27	0	799	445	0	10229	0	13933	104	480	12753	15103	0	0	0	0	6119	0	60460	1325	0	1104	22467	0	0	0	4729	307	48529	310
SRR549453	0	0	0	134	0	0	0	0	0	0	0	0	90100	0	0	270	0	690	0	0	0	0	0	0	0	0	0	0	0	13878	0	0	0	12491	0	6091	0	0	0	0	0	1993	0	0	0	490	309	28790	0
SRR1804169	1559	1008	0	4890	3642	84	5106	0	481	0	6153	1197	82703	0	235	2070	560	1949	0	553	531	1665	1464	0	0	0	1922	1956	0	7399	38515	0	0	0	0	0	0	7157	213	0	0	2408	0	0	366	14700	0	1178	1186
SRR1803826	0	20234	624	559	0	0	0	893	183	2146	8845	0	66331	0	2599	514	0	6979	0	0	83	276	0	0	0	0	2411	0	0	28537	8001	0	0	0	0	0	756	2201	1180	3766	0	6863	0	0	0	673	37	0	164
SRR1803309	0	20034	267	456	961	0	0	1087	0	0	1180	0	57353	2282	0	0	0	2765	0	551	1017	0	0	0	3579	0	2072	0	0	65925	10520	0	0	0	0	282	542	43246	0	599	1382	18179	0	0	0	569	0	576	151
SRR1804136	0	9528	0	0	0	2405	0	0	0	811	1485	0	55959	9815	0	365	0	9666	0	0	0	381	0	0	2532	0	3791	2702	0	6631	10758	0	0	16146	1151	8152	0	15588	0	805	159	10021	0	0	0	0	0	47853	0
SRR1803307	0	281	0	7777	0	0	0	0	0	0	6016	0	64075	0	0	0	0	8553	0	1100	0	0	0	0	0	0	4515	0	0	5699	14174	0	0	0	0	0	0	26301	0	0	0	0	0	0	0	569	0	20510	0
SRR1031073	0	3213	0	0	0	10759	1632	0	0	7360	3135	527	63470	45989	3402	6787	0	0	0	0	0	243	1132	109	0	1182	2949	412	0	29695	6201	0	1269	0	0	65	0	8501	2141	1049	233	10113	0	0	0	205	0	23297	0
SRR1179026	0	248	106	0	0	13690	0	701	0	2399	0	0	39910	13486	129	2255	77	0	0	0	0	0	0	518	0	0	1205	671	0	8682	2527	0	153	0	0	7192	0	2912	0	0	0	8720	0	0	0	0	0	52744	0
SRR1031064	596	0	0	0	0	0	405	0	1478	2148	0	396	57983	0	0	1287	0	0	0	0	266	356	0	0	0	0	0	0	0	12002	0	0	0	0	0	3087	0	773	34	148	0	7960	0	0	0	0	0	14458	0
SRR549499	0	0	0	841	303	930	803	0	0	0	0	380	55849	0	0	1225	0	0	0	0	0	0	0	0	0	0	247	0	0	8675	427	0	0	0	0	0	0	1894	0	8257	0	1595	0	0	0	696	0	13086	0
SRR1804458	305	15161	0	1110	1553	0	0	0	0	0	2102	0	54243	283	0	0	0	19040	0	3931	0	249	247	0	0	0	640	0	0	6001	13039	0	0	0	0	0	1016	4392	0	0	0	7297	0	1509	0	0	0	2398	0
SRR1803321	3261	49632	0	286	0	0	16381	0	1375	26942	2863	790	38720	0	3722	3285	645	26080	0	0	0	1876	4626	0	1454	1395	1435	0	0	30485	11695	0	0	0	0	0	25	12266	9849	260	0	3431	0	765	0	3414	0	0	587
SRR1803316	1461	6997	0	781	195	1354	1861	0	0	0	47592	176	40558	11986	0	6315	0	2197	0	0	35	0	0	1125	0	0	5305	1004	703	4278	31146	0	0	48	3029	183	0	25879	256	103	891	6339	1440	0	0	9551	57	421	2868
SRR1804060	2205	5127	0	70	1106	1908	2396	0	546	3352	12628	579	46340	18578	0	3225	0	11632	0	620	236	982	0	0	538	506	3982	1517	1173	36332	998	0	0	0	414	0	0	5346	2233	2913	0	14016	63	0	39	440	0	3829	1009
SRR1804468	0	93	0	0	402	0	0	0	0	0	43741	423	27755	4707	0	5589	0	4257	0	0	0	0	223	7182	3995	5552	1372	0	112	17782	10904	4687	1494	626	0	0	0	14368	1025	2115	1029	5537	3194	0	153	2741	2900	0	40273
SRR1804276	2563	2660	0	470	981	1025	958	551	91	2007	1056	0	9058	1995	0	4097	2376	3104	0	0	961	0	3268	0	0	0	1981	460	0	514	29489	0	0	0	5816	0	0	3285	0	0	0	1832	0	0	0	0	722	0	0
SRR1568829	0	0	0	2192	0	1180	116	0	0	872	580	0	40111	1713	0	940	0	578	0	0	0	0	0	0	0	0	536	0	0	2022	491	0	0	0	0	0	0	933	0	130	0	2596	0	0	0	441	0	3597	0
SRR1803914	2195	8102	207	1320	1525	3111	39302	0	0	39892	704	1422	3746	3907	9847	15336	691	2122	1131	865	1034	2797	1752	0	0	284	3136	2331	0	20189	881	0	0	0	663	0	1552	1564	14029	222	0	1117	0	6291	396	0	0	4074	908
SRR1031089	0	0	0	0	0	0	0	0	0	684	0	0	16310	0	0	0	0	220	0	0	0	0	0	0	0	0	0	0	0	38945	493	0	0	0	0	0	0	0	0	307	0	3200	0	0	0	0	0	16750	0
SRR1031159	0	5667	0	1547	0	0	0	0	0	0	6316	0	38174	866	7254	0	0	4540	0	1414	0	6042	0	0	0	274	848	2233	0	23811	12231	0	0	0	0	0	709	14872	62	499	0	5693	0	0	0	836	528	5067	401
SRR1031145	0	2804	0	0	0	421	0	0	0	0	2957	0	21413	1477	0	559	0	6220	0	0	0	0	0	0	0	0	3417	0	0	37260	7062	0	0	2799	792	227	0	1802	0	0	258	0	0	0	0	0	4415	3688	158
SRR1031106	0	0	106	0	256	0	350	1608	856	0	574	60	36693	48	0	0	0	437	0	0	217	58	334	0	0	0	138	0	0	2051	7058	0	0	0	0	452	0	2783	0	226	0	2643	0	0	0	0	0	19110	0
SRR1803305	4199	30206	0	7015	2691	350	20386	0	0	260	591	2679	34840	0	1802	5879	943	0	0	8624	0	13216	5391	58	0	0	933	1315	0	8593	4301	0	0	309	0	1839	10347	3022	0	0	0	8553	0	3473	0	0	0	31022	279
SRR1803835	0	614	0	1124	0	0	0	0	0	0	19910	0	14746	0	0	0	0	20095	197	388	0	112	0	0	0	512	15748	0	0	3776	34829	0	0	0	0	0	0	20021	0	0	72	1161	0	0	0	8919	663	0	0
SRR1803995	0	896	0	201	0	0	0	0	0	1353	0	0	34209	0	0	1666	0	863	0	0	0	0	0	0	0	0	0	0	0	3752	0	0	0	0	0	369	0	1445	0	0	0	11515	0	0	0	654	0	18934	0
SRR1804622	1300	11513	0	566	367	0	2068	0	0	764	3624	533	21755	0	1413	4321	0	1133	338	3539	100	8490	0	0	0	0	0	0	668	32748	2487	0	0	0	0	0	1436	3045	3733	644	0	6458	0	0	0	0	0	0	0
SRR1568918	213	0	0	0	0	5876	59	0	0	702	630	0	11518	28419	0	2627	0	0	97	0	0	0	0	0	0	0	1128	289	0	967	621	0	263	0	0	0	0	1180	595	2992	0	31066	0	0	0	0	0	0	150
SRR549652	0	30633	0	0	0	1656	1192	0	0	2329	0	0	15193	0	20755	137	0	922	0	0	0	1848	0	0	0	0	322	2671	0	9625	1442	0	0	0	0	0	0	2286	896	157	0	1843	0	0	0	0	0	7048	0
SRR549713	0	131	0	0	0	0	1236	0	0	0	0	0	30047	0	0	0	0	433	0	0	0	0	0	0	0	0	0	0	0	199	0	0	0	0	0	0	0	0	0	0	0	2071	0	0	0	0	0	28512	0
SRR1568944	202	797	0	0	0	741	3074	0	421	3811	0	611	30003	0	722	2739	0	846	0	0	0	171	0	274	0	21	0	182	0	12221	0	0	0	0	0	0	0	1068	4528	589	0	1142	0	76	0	0	0	22885	885
SRR549458	0	11453	0	0	0	0	0	0	0	0	126	0	23273	0	0	0	0	29039	0	0	0	0	0	0	0	0	1568	0	0	213	13748	0	0	0	0	0	0	7436	0	0	747	3472	0	0	0	0	0	0	0
SRR549413	1100	82	0	1312	489	4543	296	435	375	318	0	326	26841	169	0	1806	0	4491	0	0	118	0	1111	0	0	0	957	206	0	2716	0	0	0	0	0	79	0	2092	0	1242	0	742	0	0	0	0	0	7260	0
SRR1803356	2483	1259	2490	5029	1868	0	9026	0	3233	4388	7197	2093	2487	0	3654	14119	178	7648	0	1803	1161	780	481	0	0	0	4019	0	0	15030	2684	768	0	0	0	0	74	9781	2406	391	0	26375	558	754	2375	6103	0	988	0
SRR539935	0	0	0	0	0	0	0	0	0	0	328	0	2238	0	0	759	0	2351	0	0	0	0	0	0	239	0	192	0	0	812	25942	0	0	0	0	0	0	4103	0	0	0	0	0	0	0	0	0	0	281
SRR1803297	4713	3384	0	5938	5945	807	384	900	100	1328	168	0	25802	1131	81	420	845	499	0	2019	698	133	2933	0	0	0	657	0	0	4996	1670	0	0	0	0	260	563	586	350	0	0	11012	0	337	220	0	0	0	161
SRR531396	0	22893	0	199	0	14286	0	0	0	67	0	0	9680	1955	2726	0	0	1028	0	0	0	0	192	0	0	0	2971	1048	0	10059	3788	0	0	0	0	0	0	0	0	83	0	144	0	0	0	0	0	18218	0
SRR1568878	0	959	0	133	876	28	5408	0	1138	4595	769	2299	22711	0	80	5502	0	480	0	0	0	202	0	462	0	0	0	0	0	22475	0	0	0	0	0	0	0	1258	4194	474	0	1802	0	394	930	919	0	11121	6960
SRR1803312	0	514	231	824	1143	14126	0	390	0	489	823	0	8633	22202	0	0	0	1577	0	750	526	225	0	0	0	0	9467	2744	0	1733	3700	0	0	0	0	0	0	4067	0	0	0	1276	0	0	38	487	0	0	0
SRR549637	561	1535	0	1318	621	0	2797	295	0	133	965	0	20862	0	0	814	0	745	0	190	0	803	0	133	0	0	1203	0	0	6226	8755	0	0	0	0	0	0	367	0	0	0	4083	0	0	0	441	0	12658	147
SRR1803905	553	553	0	2789	1121	0	0	815	0	0	12971	0	8801	0	0	0	0	4071	0	224	143	0	174	0	1120	0	6492	0	0	938	19936	0	0	0	1464	0	0	7344	0	0	72	4126	0	0	0	10091	0	0	1908
SRR1568828	1015	0	0	555	1010	0	3487	0	1840	0	2430	7410	18425	0	0	206	0	6070	0	373	0	167	0	0	0	0	0	0	821	6770	1073	225	0	0	0	0	0	3817	433	0	0	7364	0	0	0	0	0	3969	431
SRR1568915	0	0	0	66	0	1099	207	0	0	284	0	0	16400	796	0	748	0	0	0	0	0	0	0	0	0	0	119	0	0	251	0	0	0	0	0	435	0	0	0	9433	0	9238	0	0	0	0	0	0	0
SRR1803823	2755	8544	320	1211	5718	349	280	1106	1194	5190	7313	3205	15932	809	543	1612	0	1832	0	1348	107	1422	0	966	0	1446	1578	21	2270	14358	13919	0	1007	0	2071	0	0	11144	3665	0	446	2215	0	208	861	6159	0	564	5177
SRR1569226	1234	2239	0	1804	2489	1331	0	267	0	2422	129	30	12335	0	0	887	944	2964	0	756	243	0	1307	0	0	0	2535	243	0	1840	1741	0	0	0	0	0	25	89	0	0	0	15430	0	0	455	0	0	0	0
SRR1804078	210	0	0	0	0	0	986	0	0	5553	254	0	14741	826	0	838	0	2231	0	0	0	109	0	0	0	0	838	0	0	5532	5837	0	0	0	0	0	0	267	1236	0	0	372	0	0	0	0	0	1760	0
SRR1568868	0	5608	0	0	0	81	0	0	0	0	467	0	7053	443	724	0	0	1999	0	0	0	0	0	0	0	0	1608	0	0	13474	199	0	0	0	0	0	0	265	0	517	0	0	104	0	0	0	0	0	235
SRR1804677	444	815	0	2213	138	0	0	0	0	0	0	0	13133	0	0	37	0	3790	0	1056	0	0	488	0	0	0	0	0	0	257	2140	0	0	0	0	0	0	1320	210	0	0	100	0	0	0	142	0	0	145
SRR1031317	0	2018	309	0	0	5370	0	250	0	2001	614	0	9328	13107	82	85	0	906	0	0	0	0	169	0	792	0	160	3044	0	1041	2285	0	0	0	133	0	0	64	0	643	0	2771	0	0	0	0	0	2194	366
SRR1804303	2996	0	12543	10379	8057	0	5931	2481	3069	155	2685	2829	12239	0	0	4301	411	1259	0	3195	10566	2210	1723	0	0	0	987	0	937	9923	5031	3197	0	0	0	0	0	836	463	0	0	4227	61	493	843	1179	0	0	0
SRR1804166	1142	1372	0	493	1369	0	0	0	0	0	8133	0	4504	3738	0	0	0	7607	0	881	344	0	0	0	395	0	3610	1292	0	1666	11471	0	0	0	0	0	0	9305	0	1916	417	4246	0	0	0	2614	0	0	0
SRR539467	8904	354	0	4350	479	1054	7311	582	2188	7233	0	1592	5072	0	591	9619	1114	0	0	1921	1011	298	5165	0	0	0	151	0	0	4232	148	387	0	0	0	0	49	0	4472	0	0	0	0	1112	1939	0	0	1485	0
SRR569355	0	0	0	66	0	2093	355	0	0	0	0	0	9398	0	0	1181	0	0	291	0	0	0	147	0	0	0	0	0	0	543	1023	0	0	0	145	16	0	0	0	0	0	763	0	0	0	0	0	0	143
SRR1803782	0	4650	0	860	1407	0	0	0	0	0	904	0	0	0	0	0	0	250	0	1900	1519	0	1796	0	0	0	0	0	0	0	3155	0	0	0	0	0	763	0	0	0	0	0	0	0	0	0	0	0	0
SRR1031264	0	0	0	1512	394	0	0	221	0	0	3476	0	8500	0	0	0	0	0	0	0	408	0	214	0	0	0	619	106	0	2964	2420	0	0	0	0	0	0	448	0	0	0	718	0	0	0	0	0	0	0
SRR549457	2139	0	0	520	915	0	1037	0	0	0	0	0	8270	1387	0	0	0	655	0	0	0	0	0	595	0	0	40	0	0	3876	0	0	0	195	0	15	0	712	0	1548	0	829	0	0	0	0	0	7642	439
SRR1803875	0	2336	0	3051	1913	756	577	5890	349	2055	110	205	790	7200	446	3644	324	627	0	576	1324	120	0	0	466	0	1518	0	0	1640	1058	22	0	0	0	0	26	0	0	0	0	0	0	0	649	0	0	0	0
SRR549421	0	0	0	0	0	2266	0	0	0	0	0	0	6206	2150	0	0	0	0	0	0	0	0	0	0	0	0	3068	0	0	1736	0	0	0	0	0	0	0	0	0	3701	0	91	0	0	0	0	0	0	0
SRR549638	0	0	0	0	0	0	108	0	0	280	0	0	6272	1297	0	1240	0	0	0	0	0	0	0	0	0	0	0	0	0	740	0	0	0	0	0	0	0	0	0	0	0	660	0	0	0	0	0	0	0
SRR1568830	1153	0	0	1451	878	0	1439	2037	342	3246	0	0	6111	0	0	2748	0	0	0	0	645	0	0	0	0	0	0	0	0	1234	0	0	0	0	0	0	0	0	1062	0	0	922	86	0	0	0	0	1970	0
SRR549496	0	0	0	0	0	241	0	0	0	0	0	0	4479	0	0	638	0	342	0	0	0	0	49	0	0	0	0	371	0	0	0	0	0	0	0	0	0	0	0	0	0	817	0	0	0	0	0	0	0
SRR1569399	257	332	0	580	1839	0	0	3770	0	0	123	0	1870	574	0	0	120	0	0	315	1033	0	146	0	0	0	322	0	0	655	0	43	0	0	0	0	0	0	0	0	0	143	324	0	38	0	0	0	0
SRR1569948	0	1062	0	0	0	0	0	0	0	0	0	0	943	0	0	0	0	585	0	0	0	0	0	0	0	0	0	431	0	671	0	0	0	0	0	0	0	0	0	538	0	0	0	0	0	0	0	0	0
SRR1031120	0	0	0	0	0	0	0	0	0	0	0	0	380	580	0	0	0	70	0	0	0	0	0	0	0	0	0	0	0	0	200	0	0	0	0	0	0	0	0	0	0	0	0	0	0	0	0	161	135
